<?xml version="1.0" encoding="utf-8"?>
<!-- 
// ============================================================
// == 				MUONLINE SERVER EMULATOR				 ==
// == 				   POWERED BY DV-Team				 	 ==
// ==            File Name: ItemEarringUpgrade               ==
// ============================================================
-->

<ItemEarringUprade>
	<Data ID="0" Rate="600000" Type1="13" Index1="510" Count1="1" Type2="0" Index2="0" Count2="0" Type3="0" Index3="0" Count3="0" Zen="1000000" />
	<Data ID="1" Rate="600000" Type1="13" Index1="510" Count1="2" Type2="0" Index2="0" Count2="0" Type3="0" Index3="0" Count3="0" Zen="1500000" />
	<Data ID="2" Rate="600000" Type1="13" Index1="510" Count1="2" Type2="0" Index2="0" Count2="0" Type3="0" Index3="0" Count3="0" Zen="2000000" />
	<Data ID="3" Rate="600000" Type1="13" Index1="510" Count1="2" Type2="0" Index2="0" Count2="0" Type3="0" Index3="0" Count3="0" Zen="2500000" />
	<Data ID="4" Rate="600000" Type1="13" Index1="510" Count1="3" Type2="0" Index2="0" Count2="0" Type3="0" Index3="0" Count3="0" Zen="3000000" />
	<Data ID="5" Rate="600000" Type1="13" Index1="510" Count1="3" Type2="0" Index2="0" Count2="0" Type3="0" Index3="0" Count3="0" Zen="3500000" />
	<Data ID="6" Rate="600000" Type1="13" Index1="510" Count1="4" Type2="0" Index2="0" Count2="0" Type3="0" Index3="0" Count3="0" Zen="4000000" />
	<Data ID="7" Rate="800000" Type1="13" Index1="510" Count1="4" Type2="0" Index2="0" Count2="0" Type3="0" Index3="0" Count3="0" Zen="4500000" />
	<Data ID="8" Rate="800000" Type1="13" Index1="510" Count1="4" Type2="0" Index2="0" Count2="0" Type3="0" Index3="0" Count3="0" Zen="5000000" />
	<Data ID="9" Rate="800000" Type1="13" Index1="510" Count1="5" Type2="0" Index2="0" Count2="0" Type3="0" Index3="0" Count3="0" Zen="5500000" />
	<Data ID="10" Rate="800000" Type1="13" Index1="510" Count1="5" Type2="0" Index2="0" Count2="0" Type3="0" Index3="0" Count3="0" Zen="6000000" />
	<Data ID="11" Rate="800000" Type1="13" Index1="510" Count1="5" Type2="0" Index2="0" Count2="0" Type3="0" Index3="0" Count3="0" Zen="6500000" />
	<Data ID="12" Rate="800000" Type1="13" Index1="510" Count1="5" Type2="0" Index2="0" Count2="0" Type3="0" Index3="0" Count3="0" Zen="7000000" />
	<Data ID="13" Rate="800000" Type1="13" Index1="510" Count1="5" Type2="0" Index2="0" Count2="0" Type3="0" Index3="0" Count3="0" Zen="7500000" />
	<Data ID="14" Rate="800000" Type1="13" Index1="510" Count1="5" Type2="0" Index2="0" Count2="0" Type3="0" Index3="0" Count3="0" Zen="8000000" />
</ItemEarringUprade>